"1";"0";"0";;"0.0";"0.0";"0.0";"0.0";"0.0";"0.0";"0.0"
"2";"4";"48";"M";"100.3";"105.9";"15.1";"16.7";"17.5";"17.9";"18.8"
"3";"4";"49";"M";"100.9";"106.5";"15.1";"16.7";"17.5";"18.0";"18.8"
"4";"4";"50";"M";"101.4";"107.0";"15.1";"16.7";"17.5";"18.0";"18.9"
"5";"4";"51";"M";"101.9";"107.6";"15.1";"16.8";"17.5";"18.0";"18.9"
"6";"4";"52";"M";"102.5";"108.1";"15.1";"16.8";"17.6";"18.0";"19.0"
"7";"4";"53";"M";"103.0";"108.7";"15.1";"16.8";"17.6";"18.1";"19.0"
"8";"4";"54";"M";"103.5";"109.2";"15.1";"16.8";"17.6";"18.1";"19.1"
"9";"4";"55";"M";"104.0";"109.8";"15.1";"16.8";"17.6";"18.1";"19.1"
"10";"4";"56";"M";"104.6";"110.3";"15.1";"16.8";"17.6";"18.2";"19.2"
"11";"4";"57";"M";"105.1";"110.9";"15.1";"16.8";"17.7";"18.2";"19.2"
"12";"4";"58";"M";"105.6";"111.5";"15.1";"16.8";"17.7";"18.2";"19.3"
"13";"4";"59";"M";"106.2";"112.0";"15.1";"16.8";"17.7";"18.2";"19.3"
"14";"5";"60";"M";"106.7";"112.6";"15.1";"16.8";"17.7";"18.3";"19.4"
"15";"5";"61";"M";"107.2";"113.1";"15.1";"16.8";"17.7";"18.3";"19.5"
"16";"5";"62";"M";"107.7";"113.7";"15.1";"16.9";"17.8";"18.4";"19.5"
"17";"5";"63";"M";"108.2";"114.2";"15.1";"16.9";"17.8";"18.4";"19.6"
"18";"5";"64";"M";"108.7";"114.8";"15.1";"16.9";"17.8";"18.4";"19.6"
"19";"5";"65";"M";"109.2";"115.3";"15.1";"16.9";"17.9";"18.5";"19.7"
"20";"5";"66";"M";"109.8";"115.8";"15.1";"16.9";"17.9";"18.5";"19.8"
"21";"5";"67";"M";"110.3";"116.4";"15.1";"16.9";"17.9";"18.5";"19.8"
"22";"5";"68";"M";"110.8";"116.9";"15.1";"17.0";"17.9";"18.6";"19.9"
"23";"5";"69";"M";"111.3";"117.5";"15.1";"17.0";"18.0";"18.6";"19.9"
"24";"5";"70";"M";"111.8";"118.0";"15.1";"17.0";"18.0";"18.6";"20.0"
"25";"5";"71";"M";"112.3";"118.6";"15.1";"17.0";"18.0";"18.7";"20.1"
"26";"6";"72";"M";"112.8";"119.1";"15.1";"17.0";"18.1";"18.8";"20.2"
"27";"6";"73";"M";"113.3";"119.6";"15.1";"17.1";"18.1";"18.8";"20.3"
"28";"6";"74";"M";"113.8";"120.2";"15.1";"17.1";"18.2";"18.9";"20.4"
"29";"6";"75";"M";"114.3";"120.7";"15.1";"17.2";"18.2";"19.0";"20.4"
"30";"6";"76";"M";"114.8";"121.3";"15.2";"17.2";"18.3";"19.0";"20.5"
"31";"6";"77";"M";"115.3";"121.8";"15.2";"17.2";"18.4";"19.1";"20.6"
"32";"6";"78";"M";"115.8";"122.3";"15.2";"17.3";"18.4";"19.2";"20.7"
"33";"6";"79";"M";"116.3";"122.8";"15.2";"17.3";"18.5";"19.2";"20.8"
"34";"6";"80";"M";"116.8";"123.4";"15.2";"17.4";"18.5";"19.3";"20.9"
"35";"6";"81";"M";"117.3";"123.9";"15.2";"17.4";"18.6";"19.4";"21.0"
"36";"6";"82";"M";"117.8";"124.4";"15.3";"17.5";"18.7";"19.5";"21.1"
"37";"6";"83";"M";"118.3";"124.9";"15.3";"17.5";"18.7";"19.5";"21.2"
"38";"7";"84";"M";"118.8";"125.4";"15.3";"17.6";"18.8";"19.6";"21.4"
"39";"7";"85";"M";"119.2";"126.0";"15.3";"17.6";"18.9";"19.7";"21.5"
"40";"7";"86";"M";"119.7";"126.5";"15.4";"17.7";"19.0";"19.8";"21.6"
"41";"7";"87";"M";"120.2";"127.0";"15.4";"17.8";"19.0";"19.9";"21.7"
"42";"7";"88";"M";"120.7";"127.5";"15.4";"17.8";"19.1";"20.0";"21.8"
"43";"7";"89";"M";"121.2";"128.0";"15.5";"17.9";"19.2";"20.1";"22.0"
"44";"7";"90";"M";"121.6";"128.5";"15.5";"17.9";"19.3";"20.2";"22.1"
"45";"7";"91";"M";"122.1";"129.0";"15.5";"18.0";"19.4";"20.3";"22.2"
"46";"7";"92";"M";"122.6";"129.5";"15.6";"18.1";"19.4";"20.4";"22.3"
"47";"7";"93";"M";"123.0";"130.0";"15.6";"18.1";"19.5";"20.5";"22.4"
"48";"7";"94";"M";"123.5";"130.4";"15.6";"18.2";"19.6";"20.5";"22.6"
"49";"7";"95";"M";"124.0";"130.9";"15.6";"18.2";"19.7";"20.6";"22.7"
"50";"8";"96";"M";"124.4";"131.4";"15.7";"18.3";"19.8";"20.7";"22.8"
"51";"8";"97";"M";"124.9";"131.9";"15.7";"18.4";"19.9";"20.8";"22.9"
"52";"8";"98";"M";"125.3";"132.4";"15.8";"18.5";"20.0";"20.9";"23.0"
"53";"8";"99";"M";"125.8";"132.8";"15.8";"18.5";"20.0";"21.0";"23.2"
"54";"8";"100";"M";"126.3";"133.3";"15.9";"18.6";"20.1";"21.1";"23.3"
"55";"8";"101";"M";"126.7";"133.8";"15.9";"18.7";"20.2";"21.2";"23.4"
"56";"8";"102";"M";"127.2";"134.3";"15.9";"18.8";"20.3";"21.3";"23.5"
"57";"8";"103";"M";"127.6";"134.7";"16.0";"18.9";"20.4";"21.5";"23.6"
"58";"8";"104";"M";"128.0";"135.2";"16.0";"18.9";"20.5";"21.6";"23.8"
"59";"8";"105";"M";"128.5";"135.7";"16.1";"19.0";"20.6";"21.7";"23.9"
"60";"8";"106";"M";"128.9";"136.2";"16.1";"19.1";"20.7";"21.8";"24.0"
"61";"8";"107";"M";"129.4";"136.6";"16.2";"19.2";"20.8";"21.9";"24.1"
"62";"9";"108";"M";"129.8";"137.1";"16.2";"19.2";"20.9";"22.0";"24.2"
"63";"9";"109";"M";"130.2";"137.6";"16.3";"19.3";"21.0";"22.1";"24.3"
"64";"9";"110";"M";"130.7";"138.0";"16.3";"19.4";"21.1";"22.2";"24.4"
"65";"9";"111";"M";"131.1";"138.5";"16.3";"19.5";"21.2";"22.3";"24.6"
"66";"9";"112";"M";"131.5";"139.0";"16.4";"19.6";"21.2";"22.4";"24.7"
"67";"9";"113";"M";"132.0";"139.4";"16.4";"19.6";"21.3";"22.5";"24.8"
"68";"9";"114";"M";"132.4";"139.9";"16.5";"19.7";"21.4";"22.6";"24.9"
"69";"9";"115";"M";"132.8";"140.4";"16.5";"19.8";"21.5";"22.7";"25.0"
"70";"9";"116";"M";"133.3";"140.9";"16.6";"19.9";"21.6";"22.8";"25.1"
"71";"9";"117";"M";"133.7";"141.4";"16.6";"19.9";"21.7";"22.9";"25.2"
"72";"9";"118";"M";"134.1";"141.8";"16.7";"20.0";"21.8";"23.0";"25.3"
"73";"9";"119";"M";"134.6";"142.3";"16.7";"20.1";"21.9";"23.1";"25.4"
"74";"10";"120";"M";"135.0";"142.8";"16.8";"20.2";"22.0";"23.1";"25.5"
"75";"10";"121";"M";"135.4";"143.3";"16.8";"20.3";"22.1";"23.2";"25.6"
"76";"10";"122";"M";"135.9";"143.8";"16.9";"20.3";"22.1";"23.3";"25.7"
"77";"10";"123";"M";"136.3";"144.3";"16.9";"20.4";"22.2";"23.4";"25.8"
"78";"10";"124";"M";"136.8";"144.8";"17.0";"20.5";"22.3";"23.5";"25.9"
"79";"10";"125";"M";"137.2";"145.3";"17.0";"20.6";"22.4";"23.6";"26.0"
"80";"10";"126";"M";"137.7";"145.8";"17.1";"20.6";"22.5";"23.7";"26.1"
"81";"10";"127";"M";"138.2";"146.4";"17.1";"20.7";"22.6";"23.8";"26.2"
"82";"10";"128";"M";"138.6";"146.9";"17.2";"20.8";"22.7";"23.9";"26.3"
"83";"10";"129";"M";"139.1";"147.4";"17.2";"20.9";"22.7";"24.0";"26.4"
"84";"10";"130";"M";"139.5";"147.9";"17.3";"20.9";"22.8";"24.0";"26.5"
"85";"10";"131";"M";"140.0";"148.5";"17.3";"21.0";"22.9";"24.1";"26.6"
"86";"11";"132";"M";"140.5";"149.0";"17.4";"21.1";"23.0";"24.2";"26.7"
"87";"11";"133";"M";"141.0";"149.6";"17.4";"21.1";"23.1";"24.3";"26.8"
"88";"11";"134";"M";"141.5";"150.2";"17.5";"21.2";"23.1";"24.4";"26.8"
"89";"11";"135";"M";"141.9";"150.7";"17.5";"21.3";"23.2";"24.4";"26.9"
"90";"11";"136";"M";"142.4";"151.3";"17.6";"21.3";"23.3";"24.5";"27.0"
"91";"11";"137";"M";"142.9";"151.9";"17.6";"21.4";"23.3";"24.6";"27.1"
"92";"11";"138";"M";"143.5";"152.5";"17.7";"21.5";"23.4";"24.7";"27.2"
"93";"11";"139";"M";"144.0";"153.1";"17.7";"21.5";"23.5";"24.7";"27.2"
"94";"11";"140";"M";"144.5";"153.7";"17.8";"21.6";"23.5";"24.8";"27.3"
"95";"11";"141";"M";"145.1";"154.3";"17.8";"21.7";"23.6";"24.9";"27.4"
"96";"11";"142";"M";"145.6";"154.9";"17.8";"21.7";"23.7";"24.9";"27.5"
"97";"11";"143";"M";"146.1";"155.6";"17.9";"21.8";"23.8";"25.0";"27.6"
"98";"12";"144";"M";"146.7";"156.2";"17.9";"21.8";"23.8";"25.1";"27.6"
"99";"12";"145";"M";"147.2";"156.8";"18.0";"21.9";"23.9";"25.1";"27.7"
"100";"12";"146";"M";"147.8";"157.4";"18.0";"21.9";"23.9";"25.2";"27.7"
"101";"12";"147";"M";"148.4";"158.1";"18.1";"22.0";"24.0";"25.2";"27.8"
"102";"12";"148";"M";"149.0";"158.7";"18.1";"22.0";"24.0";"25.3";"27.8"
"103";"12";"149";"M";"149.5";"159.3";"18.1";"22.1";"24.1";"25.3";"27.9"
"104";"12";"150";"M";"150.1";"159.9";"18.2";"22.1";"24.1";"25.4";"27.9"
"105";"12";"151";"M";"150.7";"160.5";"18.2";"22.2";"24.2";"25.4";"28.0"
"106";"12";"152";"M";"151.3";"161.1";"18.3";"22.2";"24.2";"25.5";"28.0"
"107";"12";"153";"M";"151.9";"161.7";"18.3";"22.2";"24.3";"25.5";"28.1"
"108";"12";"154";"M";"152.4";"162.3";"18.4";"22.3";"24.3";"25.6";"28.2"
"109";"12";"155";"M";"153.0";"162.9";"18.4";"22.3";"24.4";"25.6";"28.2"
"110";"13";"156";"M";"153.6";"163.5";"18.4";"22.4";"24.4";"25.7";"28.2"
"111";"13";"157";"M";"154.2";"164.1";"18.5";"22.4";"24.4";"25.7";"28.3"
"112";"13";"158";"M";"154.7";"164.6";"18.5";"22.4";"24.4";"25.7";"28.3"
"113";"13";"159";"M";"155.3";"165.2";"18.6";"22.5";"24.5";"25.8";"28.3"
"114";"13";"160";"M";"155.9";"165.7";"18.6";"22.5";"24.5";"25.8";"28.3"
"115";"13";"161";"M";"156.5";"166.3";"18.6";"22.5";"24.5";"25.8";"28.4"
"116";"13";"162";"M";"157.0";"166.7";"18.7";"22.6";"24.6";"25.8";"28.4"
"117";"13";"163";"M";"157.6";"167.2";"18.7";"22.6";"24.6";"25.9";"28.4"
"118";"13";"164";"M";"158.1";"167.7";"18.8";"22.7";"24.6";"25.9";"28.5"
"119";"13";"165";"M";"158.6";"168.2";"18.8";"22.7";"24.7";"25.9";"28.5"
"120";"13";"166";"M";"159.2";"168.6";"18.8";"22.7";"24.7";"26.0";"28.5"
"121";"13";"167";"M";"159.7";"169.1";"18.9";"22.8";"24.7";"26.0";"28.5"
"122";"14";"168";"M";"160.2";"169.5";"18.9";"22.8";"24.8";"26.0";"28.5"
"123";"14";"169";"M";"160.6";"169.8";"19.0";"22.8";"24.8";"26.0";"28.6"
"124";"14";"170";"M";"161.1";"170.2";"19.0";"22.8";"24.8";"26.1";"28.6"
"125";"14";"171";"M";"161.5";"170.6";"19.0";"22.9";"24.8";"26.1";"28.6"
"126";"14";"172";"M";"162.0";"171.0";"19.1";"22.9";"24.8";"26.1";"28.6"
"127";"14";"173";"M";"162.5";"171.3";"19.1";"22.9";"24.9";"26.1";"28.6"
"128";"14";"174";"M";"162.8";"171.6";"19.1";"23.0";"24.9";"26.1";"28.6"
"129";"14";"175";"M";"163.2";"171.9";"19.2";"23.0";"24.9";"26.1";"28.6"
"130";"14";"176";"M";"163.6";"172.2";"19.2";"23.0";"24.9";"26.2";"28.6"
"131";"14";"177";"M";"163.9";"172.4";"19.3";"23.0";"25.0";"26.2";"28.6"
"132";"14";"178";"M";"164.3";"172.7";"19.3";"23.1";"25.0";"26.2";"28.6"
"133";"14";"179";"M";"164.6";"173.0";"19.3";"23.1";"25.0";"26.2";"28.6"
"134";"15";"180";"M";"164.9";"173.2";"19.4";"23.1";"25.0";"26.2";"28.6"
"135";"15";"181";"M";"165.2";"173.4";"19.4";"23.2";"25.0";"26.2";"28.6"
"136";"15";"182";"M";"165.4";"173.6";"19.5";"23.2";"25.1";"26.3";"28.6"
"137";"15";"183";"M";"165.7";"173.8";"19.5";"23.2";"25.1";"26.3";"28.6"
"138";"15";"184";"M";"166.0";"174.0";"19.5";"23.2";"25.1";"26.3";"28.6"
"139";"15";"185";"M";"166.2";"174.2";"19.6";"23.3";"25.1";"26.3";"28.7"
"140";"15";"186";"M";"166.4";"174.3";"19.6";"23.3";"25.1";"26.3";"28.7"
"141";"15";"187";"M";"166.6";"174.5";"19.6";"23.3";"25.2";"26.3";"28.7"
"142";"15";"188";"M";"166.8";"174.6";"19.7";"23.3";"25.2";"26.4";"28.7"
"143";"15";"189";"M";"167.0";"174.8";"19.7";"23.4";"25.2";"26.4";"28.7"
"144";"15";"190";"M";"167.2";"174.9";"19.7";"23.4";"25.2";"26.4";"28.7"
"145";"15";"191";"M";"167.4";"175.1";"19.8";"23.4";"25.3";"26.4";"28.7"
"146";"16";"192";"M";"167.5";"175.2";"19.8";"23.5";"25.3";"26.4";"28.7"
"147";"16";"193";"M";"167.7";"175.3";"19.8";"23.5";"25.3";"26.4";"28.7"
"148";"16";"194";"M";"167.8";"175.4";"19.9";"23.5";"25.3";"26.5";"28.7"
"149";"16";"195";"M";"167.9";"175.5";"19.9";"23.5";"25.3";"26.5";"28.7"
"150";"16";"196";"M";"168.1";"175.6";"19.9";"23.6";"25.4";"26.5";"28.7"
"151";"16";"197";"M";"168.2";"175.7";"20.0";"23.6";"25.4";"26.5";"28.7"
"152";"16";"198";"M";"168.3";"175.8";"20.0";"23.6";"25.4";"26.5";"28.7"
"153";"16";"199";"M";"168.4";"175.9";"20.0";"23.6";"25.4";"26.6";"28.8"
"154";"16";"200";"M";"168.5";"176.0";"20.1";"23.7";"25.5";"26.6";"28.8"
"155";"16";"201";"M";"168.6";"176.1";"20.1";"23.7";"25.5";"26.6";"28.8"
"156";"16";"202";"M";"168.7";"176.2";"20.1";"23.7";"25.5";"26.6";"28.8"
"157";"16";"203";"M";"168.8";"176.3";"20.2";"23.8";"25.5";"26.6";"28.8"
"158";"17";"204";"M";"168.9";"176.4";"20.2";"23.8";"25.5";"26.6";"28.8"
"159";"17";"205";"M";"169.0";"176.5";"20.2";"23.8";"25.6";"26.7";"28.8"
"160";"17";"206";"M";"169.1";"176.5";"20.3";"23.8";"25.6";"26.7";"28.8"
"161";"17";"207";"M";"169.1";"176.6";"20.3";"23.9";"25.6";"26.7";"28.8"
"162";"17";"208";"M";"169.2";"176.7";"20.3";"23.9";"25.6";"26.7";"28.8"
"163";"17";"209";"M";"169.3";"176.8";"20.4";"23.9";"25.7";"26.7";"28.8"
"164";"17";"210";"M";"169.4";"176.9";"20.4";"23.9";"25.7";"26.7";"28.8"
"165";"17";"211";"M";"169.5";"177.0";"20.4";"24.0";"25.7";"26.8";"28.9"
"166";"17";"212";"M";"169.6";"177.0";"20.5";"24.0";"25.7";"26.8";"28.9"
"167";"17";"213";"M";"169.6";"177.1";"20.5";"24.0";"25.7";"26.8";"28.9"
"168";"17";"214";"M";"169.7";"177.2";"20.5";"24.1";"25.8";"26.8";"28.9"
"169";"17";"215";"M";"169.8";"177.3";"20.6";"24.1";"25.8";"26.8";"28.9"
"170";"18";"216";"M";"169.9";"177.4";"20.6";"24.1";"25.8";"26.9";"28.9"
"171";"18";"217";"M";"170.0";"177.5";"20.6";"24.1";"25.8";"26.9";"28.9"
"172";"18";"218";"M";"170.0";"177.5";"20.6";"24.2";"25.8";"26.9";"28.9"
"173";"18";"219";"M";"170.1";"177.6";"20.7";"24.2";"25.9";"26.9";"28.9"
"174";"18";"220";"M";"170.2";"177.7";"20.7";"24.2";"25.9";"26.9";"28.9"
"175";"18";"221";"M";"170.3";"177.8";"20.7";"24.2";"25.9";"26.9";"28.9"
"176";"18";"222";"M";"170.4";"177.9";"20.8";"24.3";"25.9";"27.0";"28.9"
"177";"18";"223";"M";"170.4";"177.9";"20.8";"24.3";"26.0";"27.0";"29.0"
"178";"18";"224";"M";"170.5";"178.0";"20.8";"24.3";"26.0";"27.0";"29.0"
"179";"18";"225";"M";"170.6";"178.1";"20.9";"24.3";"26.0";"27.0";"29.0"
"180";"18";"226";"M";"170.7";"178.2";"20.9";"24.4";"26.0";"27.0";"29.0"
"181";"18";"227";"M";"170.8";"178.3";"20.9";"24.4";"26.0";"27.0";"29.0"
"182";"4";"48";"F";"99.2";"104.7";"14.9";"16.6";"17.3";"17.8";"18.7"
"183";"4";"49";"F";"99.7";"105.2";"14.9";"16.6";"17.4";"17.8";"18.8"
"184";"4";"50";"F";"100.2";"105.8";"14.9";"16.6";"17.4";"17.9";"18.8"
"185";"4";"51";"F";"100.8";"106.3";"14.9";"16.6";"17.4";"17.9";"18.9"
"186";"4";"52";"F";"101.3";"106.9";"14.9";"16.6";"17.4";"17.9";"19.0"
"187";"4";"53";"F";"101.8";"107.4";"14.9";"16.6";"17.5";"18.0";"19.0"
"188";"4";"54";"F";"102.4";"108.0";"14.9";"16.6";"17.5";"18.0";"19.1"
"189";"4";"55";"F";"102.9";"108.5";"14.9";"16.6";"17.5";"18.0";"19.1"
"190";"4";"56";"F";"103.4";"109.1";"14.9";"16.6";"17.5";"18.1";"19.2"
"191";"4";"57";"F";"104.0";"109.6";"14.9";"16.7";"17.5";"18.1";"19.2"
"192";"4";"58";"F";"104.5";"110.2";"14.9";"16.7";"17.6";"18.1";"19.3"
"193";"4";"59";"F";"105.0";"110.7";"14.9";"16.7";"17.6";"18.2";"19.4"
"194";"5";"60";"F";"105.6";"111.3";"14.9";"16.7";"17.6";"18.2";"19.4"
"195";"5";"61";"F";"106.1";"111.8";"14.9";"16.7";"17.6";"18.3";"19.5"
"196";"5";"62";"F";"106.6";"112.4";"14.9";"16.7";"17.7";"18.3";"19.6"
"197";"5";"63";"F";"107.1";"112.9";"14.9";"16.7";"17.7";"18.3";"19.6"
"198";"5";"64";"F";"107.7";"113.4";"14.9";"16.7";"17.7";"18.4";"19.7"
"199";"5";"65";"F";"108.2";"114.0";"14.8";"16.8";"17.8";"18.4";"19.8"
"200";"5";"66";"F";"108.7";"114.5";"14.8";"16.8";"17.8";"18.4";"19.8"
"201";"5";"67";"F";"109.2";"115.1";"14.8";"16.8";"17.8";"18.5";"19.9"
"202";"5";"68";"F";"109.7";"115.6";"14.8";"16.8";"17.8";"18.5";"20.0"
"203";"5";"69";"F";"110.2";"116.1";"14.8";"16.8";"17.9";"18.6";"20.0"
"204";"5";"70";"F";"110.7";"116.7";"14.8";"16.8";"17.9";"18.6";"20.1"
"205";"5";"71";"F";"111.3";"117.2";"14.8";"16.8";"17.9";"18.6";"20.2"
"206";"6";"72";"F";"111.8";"117.8";"14.8";"16.9";"18.0";"18.7";"20.3"
"207";"6";"73";"F";"112.3";"118.3";"14.9";"16.9";"18.0";"18.8";"20.3"
"208";"6";"74";"F";"112.8";"118.8";"14.9";"16.9";"18.1";"18.8";"20.4"
"209";"6";"75";"F";"113.3";"119.4";"14.9";"17.0";"18.1";"18.9";"20.5"
"210";"6";"76";"F";"113.8";"119.9";"14.9";"17.0";"18.2";"19.0";"20.6"
"211";"6";"77";"F";"114.3";"120.4";"14.9";"17.1";"18.2";"19.0";"20.7"
"212";"6";"78";"F";"114.8";"121.0";"14.9";"17.1";"18.3";"19.1";"20.8"
"213";"6";"79";"F";"115.2";"121.5";"14.9";"17.1";"18.4";"19.2";"20.9"
"214";"6";"80";"F";"115.7";"122.0";"15.0";"17.2";"18.4";"19.2";"21.0"
"215";"6";"81";"F";"116.2";"122.5";"15.0";"17.2";"18.5";"19.3";"21.1"
"216";"6";"82";"F";"116.7";"123.1";"15.0";"17.3";"18.5";"19.4";"21.2"
"217";"6";"83";"F";"117.2";"123.6";"15.0";"17.3";"18.6";"19.4";"21.3"
"218";"7";"84";"F";"117.6";"124.1";"15.0";"17.3";"18.6";"19.5";"21.4"
"219";"7";"85";"F";"118.1";"124.6";"15.0";"17.4";"18.7";"19.6";"21.5"
"220";"7";"86";"F";"118.6";"125.1";"15.1";"17.5";"18.8";"19.7";"21.6"
"221";"7";"87";"F";"119.0";"125.6";"15.1";"17.5";"18.8";"19.7";"21.7"
"222";"7";"88";"F";"119.5";"126.1";"15.1";"17.6";"18.9";"19.8";"21.8"
"223";"7";"89";"F";"120.0";"126.7";"15.2";"17.6";"19.0";"19.9";"21.9"
"224";"7";"90";"F";"120.5";"127.2";"15.2";"17.7";"19.0";"20.0";"22.0"
"225";"7";"91";"F";"120.9";"127.7";"15.2";"17.7";"19.1";"20.1";"22.1"
"226";"7";"92";"F";"121.4";"128.2";"15.2";"17.8";"19.2";"20.1";"22.2"
"227";"7";"93";"F";"121.8";"128.7";"15.3";"17.8";"19.3";"20.2";"22.3"
"228";"7";"94";"F";"122.3";"129.2";"15.3";"17.9";"19.3";"20.3";"22.4"
"229";"7";"95";"F";"122.8";"129.7";"15.3";"17.9";"19.4";"20.4";"22.5"
"230";"8";"96";"F";"123.2";"130.2";"15.3";"18.0";"19.5";"20.4";"22.5"
"231";"8";"97";"F";"123.7";"130.8";"15.4";"18.1";"19.5";"20.5";"22.6"
"232";"8";"98";"F";"124.2";"131.3";"15.4";"18.1";"19.6";"20.6";"22.7"
"233";"8";"99";"F";"124.7";"131.8";"15.5";"18.2";"19.7";"20.7";"22.8"
"234";"8";"100";"F";"125.1";"132.3";"15.5";"18.3";"19.8";"20.8";"22.9"
"235";"8";"101";"F";"125.6";"132.8";"15.5";"18.3";"19.8";"20.9";"23.0"
"236";"8";"102";"F";"126.1";"133.3";"15.6";"18.4";"19.9";"21.0";"23.1"
"237";"8";"103";"F";"126.5";"133.9";"15.6";"18.4";"20.0";"21.0";"23.2"
"238";"8";"104";"F";"127.0";"134.4";"15.6";"18.5";"20.1";"21.1";"23.3"
"239";"8";"105";"F";"127.5";"134.9";"15.7";"18.6";"20.2";"21.2";"23.4"
"240";"8";"106";"F";"128.0";"135.5";"15.7";"18.6";"20.2";"21.3";"23.5"
"241";"8";"107";"F";"128.5";"136.0";"15.8";"18.7";"20.3";"21.4";"23.6"
"242";"9";"108";"F";"129.0";"136.5";"15.8";"18.8";"20.4";"21.5";"23.7"
"243";"9";"109";"F";"129.5";"137.1";"15.8";"18.8";"20.5";"21.5";"23.8"
"244";"9";"110";"F";"129.9";"137.6";"15.9";"18.9";"20.5";"21.6";"23.9"
"245";"9";"111";"F";"130.4";"138.2";"15.9";"19.0";"20.6";"21.7";"24.0"
"246";"9";"112";"F";"130.9";"138.7";"16.0";"19.0";"20.7";"21.8";"24.1"
"247";"9";"113";"F";"131.4";"139.3";"16.0";"19.1";"20.8";"21.9";"24.2"
"248";"9";"114";"F";"132.0";"139.9";"16.0";"19.2";"20.8";"21.9";"24.3"
"249";"9";"115";"F";"132.5";"140.4";"16.1";"19.2";"20.9";"22.0";"24.4"
"250";"9";"116";"F";"133.0";"141.0";"16.1";"19.3";"21.0";"22.1";"24.4"
"251";"9";"117";"F";"133.5";"141.6";"16.2";"19.3";"21.1";"22.2";"24.5"
"252";"9";"118";"F";"134.0";"142.2";"16.2";"19.4";"21.1";"22.3";"24.6"
"253";"9";"119";"F";"134.5";"142.7";"16.2";"19.5";"21.2";"22.4";"24.7"
"254";"10";"120";"F";"135.1";"143.3";"16.3";"19.5";"21.3";"22.4";"24.8"
"255";"10";"121";"F";"135.6";"143.9";"16.3";"19.6";"21.4";"22.5";"24.9"
"256";"10";"122";"F";"136.1";"144.5";"16.4";"19.7";"21.4";"22.6";"25.0"
"257";"10";"123";"F";"136.7";"145.0";"16.4";"19.7";"21.5";"22.7";"25.1"
"258";"10";"124";"F";"137.2";"145.6";"16.5";"19.8";"21.6";"22.7";"25.1"
"259";"10";"125";"F";"137.7";"146.2";"16.5";"19.9";"21.6";"22.8";"25.2"
"260";"10";"126";"F";"138.3";"146.7";"16.6";"19.9";"21.7";"22.9";"25.3"
"261";"10";"127";"F";"138.8";"147.3";"16.6";"20.0";"21.8";"23.0";"25.4"
"262";"10";"128";"F";"139.3";"147.8";"16.7";"20.1";"21.9";"23.0";"25.5"
"263";"10";"129";"F";"139.9";"148.4";"16.7";"20.1";"21.9";"23.1";"25.6"
"264";"10";"130";"F";"140.4";"149.0";"16.7";"20.2";"22.0";"23.2";"25.6"
"265";"10";"131";"F";"140.9";"149.5";"16.8";"20.2";"22.1";"23.3";"25.7"
"266";"11";"132";"F";"141.5";"150.0";"16.8";"20.3";"22.1";"23.3";"25.8"
"267";"11";"133";"F";"142.0";"150.5";"16.9";"20.4";"22.2";"23.4";"25.9"
"268";"11";"134";"F";"142.5";"151.1";"16.9";"20.4";"22.3";"23.5";"25.9"
"269";"11";"135";"F";"143.1";"151.6";"17.0";"20.5";"22.3";"23.5";"26.0"
"270";"11";"136";"F";"143.6";"152.1";"17.0";"20.5";"22.4";"23.6";"26.1"
"271";"11";"137";"F";"144.1";"152.6";"17.1";"20.6";"22.5";"23.7";"26.2"
"272";"11";"138";"F";"144.6";"153.1";"17.1";"20.7";"22.5";"23.7";"26.2"
"273";"11";"139";"F";"145.1";"153.5";"17.2";"20.7";"22.6";"23.8";"26.3"
"274";"11";"140";"F";"145.6";"154.0";"17.2";"20.8";"22.7";"23.9";"26.4"
"275";"11";"141";"F";"146.1";"154.4";"17.3";"20.8";"22.7";"23.9";"26.5"
"276";"11";"142";"F";"146.5";"154.9";"17.3";"20.9";"22.8";"24.0";"26.5"
"277";"11";"143";"F";"147.0";"155.3";"17.4";"21.0";"22.9";"24.1";"26.6"
"278";"12";"144";"F";"147.5";"155.7";"17.4";"21.0";"22.9";"24.1";"26.7"
"279";"12";"145";"F";"147.9";"156.1";"17.5";"21.1";"23.0";"24.2";"26.7"
"280";"12";"146";"F";"148.3";"156.5";"17.5";"21.1";"23.0";"24.2";"26.8"
"281";"12";"147";"F";"148.8";"156.8";"17.6";"21.2";"23.1";"24.3";"26.8"
"282";"12";"148";"F";"149.2";"157.2";"17.6";"21.2";"23.1";"24.4";"26.9"
"283";"12";"149";"F";"149.6";"157.6";"17.7";"21.3";"23.2";"24.4";"26.9"
"284";"12";"150";"F";"150.0";"157.9";"17.7";"21.3";"23.2";"24.5";"27.0"
"285";"12";"151";"F";"150.3";"158.2";"17.8";"21.4";"23.3";"24.5";"27.0"
"286";"12";"152";"F";"150.7";"158.5";"17.8";"21.4";"23.3";"24.6";"27.1"
"287";"12";"153";"F";"151.0";"158.8";"17.9";"21.5";"23.4";"24.6";"27.1"
"288";"12";"154";"F";"151.4";"159.1";"17.9";"21.5";"23.4";"24.7";"27.2"
"289";"12";"155";"F";"151.8";"159.4";"18.0";"21.6";"23.5";"24.7";"27.3"
"290";"13";"156";"F";"152.0";"159.7";"18.0";"21.6";"23.5";"24.8";"27.3"
"291";"13";"157";"F";"152.3";"159.9";"18.1";"21.7";"23.6";"24.8";"27.3"
"292";"13";"158";"F";"152.6";"160.1";"18.1";"21.7";"23.6";"24.8";"27.3"
"293";"13";"159";"F";"152.8";"160.3";"18.2";"21.8";"23.7";"24.9";"27.4"
"294";"13";"160";"F";"153.1";"160.6";"18.2";"21.8";"23.7";"24.9";"27.4"
"295";"13";"161";"F";"153.4";"160.8";"18.3";"21.9";"23.7";"25.0";"27.4"
"296";"13";"162";"F";"153.6";"161.0";"18.3";"21.9";"23.8";"25.0";"27.4"
"297";"13";"163";"F";"153.8";"161.1";"18.4";"22.0";"23.8";"25.0";"27.5"
"298";"13";"164";"F";"154.0";"161.3";"18.4";"22.0";"23.9";"25.1";"27.5"
"299";"13";"165";"F";"154.1";"161.5";"18.5";"22.0";"23.9";"25.1";"27.5"
"300";"13";"166";"F";"154.3";"161.6";"18.5";"22.1";"23.9";"25.1";"27.5"
"301";"13";"167";"F";"154.5";"161.8";"18.6";"22.1";"24.0";"25.2";"27.6"
"302";"14";"168";"F";"154.6";"161.9";"18.6";"22.2";"24.0";"25.2";"27.6"
"303";"14";"169";"F";"154.8";"162.0";"18.6";"22.2";"24.0";"25.2";"27.6"
"304";"14";"170";"F";"154.9";"162.1";"18.7";"22.2";"24.1";"25.2";"27.6"
"305";"14";"171";"F";"155.0";"162.2";"18.7";"22.3";"24.1";"25.3";"27.6"
"306";"14";"172";"F";"155.2";"162.4";"18.8";"22.3";"24.1";"25.3";"27.6"
"307";"14";"173";"F";"155.3";"162.5";"18.8";"22.3";"24.1";"25.3";"27.6"
"308";"14";"174";"F";"155.4";"162.6";"18.9";"22.4";"24.2";"25.3";"27.6"
"309";"14";"175";"F";"155.5";"162.6";"18.9";"22.4";"24.2";"25.3";"27.6"
"310";"14";"176";"F";"155.6";"162.7";"18.9";"22.4";"24.2";"25.4";"27.6"
"311";"14";"177";"F";"155.7";"162.8";"19.0";"22.5";"24.3";"25.4";"27.6"
"312";"14";"178";"F";"155.8";"162.9";"19.0";"22.5";"24.3";"25.4";"27.7"
"313";"14";"179";"F";"155.8";"163.0";"19.1";"22.6";"24.3";"25.4";"27.7"
"314";"15";"180";"F";"155.9";"163.0";"19.1";"22.6";"24.3";"25.4";"27.7"
"315";"15";"181";"F";"156.0";"163.1";"19.1";"22.6";"24.3";"25.4";"27.7"
"316";"15";"182";"F";"156.0";"163.1";"19.2";"22.6";"24.4";"25.5";"27.7"
"317";"15";"183";"F";"156.1";"163.2";"19.2";"22.6";"24.4";"25.5";"27.7"
"318";"15";"184";"F";"156.2";"163.2";"19.2";"22.7";"24.4";"25.5";"27.7"
"319";"15";"185";"F";"156.2";"163.3";"19.2";"22.7";"24.4";"25.5";"27.7"
"320";"15";"186";"F";"156.3";"163.3";"19.3";"22.7";"24.4";"25.5";"27.7"
"321";"15";"187";"F";"156.3";"163.4";"19.3";"22.7";"24.4";"25.5";"27.7"
"322";"15";"188";"F";"156.4";"163.4";"19.3";"22.7";"24.4";"25.5";"27.7"
"323";"15";"189";"F";"156.4";"163.4";"19.4";"22.7";"24.4";"25.5";"27.7"
"324";"15";"190";"F";"156.5";"163.5";"19.4";"22.8";"24.5";"25.5";"27.7"
"325";"15";"191";"F";"156.5";"163.5";"19.4";"22.8";"24.5";"25.5";"27.7"
"326";"16";"192";"F";"156.5";"163.5";"19.4";"22.8";"24.5";"25.5";"27.7"
"327";"16";"193";"F";"156.6";"163.6";"19.4";"22.8";"24.5";"25.5";"27.7"
"328";"16";"194";"F";"156.6";"163.6";"19.4";"22.8";"24.5";"25.5";"27.7"
"329";"16";"195";"F";"156.6";"163.6";"19.4";"22.8";"24.5";"25.5";"27.7"
"330";"16";"196";"F";"156.6";"163.6";"19.5";"22.8";"24.5";"25.5";"27.7"
"331";"16";"197";"F";"156.7";"163.6";"19.5";"22.8";"24.5";"25.5";"27.7"
"332";"16";"198";"F";"156.7";"163.6";"19.5";"22.8";"24.5";"25.5";"27.7"
"333";"16";"199";"F";"156.7";"163.6";"19.5";"22.8";"24.5";"25.5";"27.7"
"334";"16";"200";"F";"156.8";"163.6";"19.5";"22.8";"24.5";"25.5";"27.7"
"335";"16";"201";"F";"156.8";"163.7";"19.5";"22.8";"24.5";"25.5";"27.7"
"336";"16";"202";"F";"156.8";"163.7";"19.5";"22.8";"24.5";"25.5";"27.7"
"337";"16";"203";"F";"156.8";"163.7";"19.5";"22.8";"24.5";"25.5";"27.7"
"338";"17";"204";"F";"156.9";"163.7";"19.5";"22.8";"24.5";"25.5";"27.7"
"339";"17";"205";"F";"156.9";"163.7";"19.5";"22.8";"24.5";"25.5";"27.7"
"340";"17";"206";"F";"157.0";"163.8";"19.5";"22.8";"24.4";"25.5";"27.7"
"341";"17";"207";"F";"157.0";"163.8";"19.5";"22.8";"24.4";"25.5";"27.7"
"342";"17";"208";"F";"157.0";"163.8";"19.5";"22.8";"24.4";"25.5";"27.7"
"343";"17";"209";"F";"157.1";"163.9";"19.5";"22.8";"24.4";"25.5";"27.7"
"344";"17";"210";"F";"157.1";"163.9";"19.5";"22.8";"24.4";"25.5";"27.7"
"345";"17";"211";"F";"157.1";"163.9";"19.5";"22.7";"24.4";"25.5";"27.7"
"346";"17";"212";"F";"157.2";"163.9";"19.5";"22.7";"24.4";"25.5";"27.7"
"347";"17";"213";"F";"157.2";"164.0";"19.5";"22.7";"24.4";"25.5";"27.7"
"348";"17";"214";"F";"157.3";"164.0";"19.5";"22.7";"24.4";"25.5";"27.7"
"349";"17";"215";"F";"157.3";"164.0";"19.5";"22.7";"24.4";"25.5";"27.7"
"350";"18";"216";"F";"157.3";"164.1";"19.5";"22.7";"24.4";"25.5";"27.7"
"351";"18";"217";"F";"157.4";"164.1";"19.5";"22.7";"24.4";"25.5";"27.7"
"352";"18";"218";"F";"157.4";"164.1";"19.5";"22.7";"24.4";"25.5";"27.7"
"353";"18";"219";"F";"157.4";"164.2";"19.5";"22.7";"24.4";"25.5";"27.7"
"354";"18";"220";"F";"157.5";"164.2";"19.5";"22.7";"24.4";"25.5";"27.7"
"355";"18";"221";"F";"157.5";"164.2";"19.5";"22.7";"24.4";"25.5";"27.7"
"356";"18";"222";"F";"157.6";"164.3";"19.5";"22.7";"24.4";"25.5";"27.7"
"357";"18";"223";"F";"157.6";"164.3";"19.5";"22.7";"24.4";"25.5";"27.7"
"358";"18";"224";"F";"157.6";"164.3";"19.5";"22.7";"24.3";"25.4";"27.7"
"359";"18";"225";"F";"157.7";"164.4";"19.5";"22.7";"24.3";"25.4";"27.7"
"360";"18";"226";"F";"157.7";"164.4";"19.5";"22.6";"24.3";"25.4";"27.7"
"361";"18";"227";"F";"157.8";"164.4";"19.5";"22.6";"24.3";"25.4";"27.7"
